{"edges":[{"id":"_6e819c77575667412c73ffbda37a6a1d","source":"_c671aacafe830ec4a4e5ed37e2d269e1","sourceHandle":"material_3f5c1164b9479eb2cc71a56334a58284","targetHandle":"material","target":"_1d483764e7625ada000a1b810ec4689a","type":"CloseEdge","animated":false,"style":{"stroke":""},"selected":false},{"id":"_60d968dfdf86ceb9c060b12e926d3f05","source":"_04cff1c13b1d71e916840822ddfec760","sourceHandle":"geometry","targetHandle":"geometry","target":"_1d483764e7625ada000a1b810ec4689a","type":"CloseEdge","animated":false,"style":{"stroke":""},"selected":false},{"id":"_587b6d5f1cdebae2915b0d3c2695ba3d","source":"_f2d60319936b74e72a26531e299fbe55","sourceHandle":"number","targetHandle":"number_ad2cdaddf00dc4fcda901d6f14ef3e3a","target":"_c671aacafe830ec4a4e5ed37e2d269e1","type":"CloseEdge","animated":false,"style":{"stroke":""},"selected":false},{"id":"_bc0e54bb684e83cf37a12178f3de694c","source":"_91674235740e36464ffa1ba370ef9fce","sourceHandle":"number","targetHandle":"number_a7a4a4ad8ef00e8f3ed49cbaf59b4156","target":"_c671aacafe830ec4a4e5ed37e2d269e1","type":"CloseEdge","animated":false,"style":{"stroke":""},"selected":false},{"id":"_60d6be2df6c09b80b406c6763b78af2c","source":"_303c4cbbed25b4a46d62dbed1904de2c","sourceHandle":"number","targetHandle":"number_092dc43c73c1d7906e93f17ae7254e32","target":"_c671aacafe830ec4a4e5ed37e2d269e1","type":"CloseEdge","animated":false,"style":{"stroke":""},"selected":false},{"id":"_6febbd9f2a711a2f7fc713b3c5de384b","source":"_ce7d7f9b4a4be514a1e94e2436613da7","sourceHandle":"color","targetHandle":"color_ae0e89227dede443f9e2e05ac21db90c","target":"_c671aacafe830ec4a4e5ed37e2d269e1","type":"CloseEdge","selected":false}],"nodes":[{"width":193,"height":170,"type":"Capsule","data":{"label":"glass material","nodes":[{"width":345,"height":42,"type":"ColorPicker","data":{"label":"colorPicker1","color":"#ff0000","isExposed":true,"isGroupedForExpose":true,"groupName":"color"},"position":{"x":-460,"y":-190},"id":"_ae0e89227dede443f9e2e05ac21db90c","selected":false,"positionAbsolute":{"x":-460,"y":-190},"dragging":false},{"width":249,"height":120,"type":"NumberPicker","data":{"label":"transmission","number":0,"slider":1,"isExposed":false,"isGroupedForExpose":true,"groupName":"glass","float0":1},"position":{"x":-360,"y":290},"id":"_158c80b437120b6f815b740fdbe6c82e","selected":false,"positionAbsolute":{"x":-360,"y":290},"dragging":false},{"width":249,"height":120,"type":"NumberPicker","data":{"label":"Thickness of Glass","number":0,"slider":2.14,"isExposed":true,"isGroupedForExpose":true,"float0":7.65,"groupName":"glass"},"position":{"x":-360,"y":10},"id":"_a7a4a4ad8ef00e8f3ed49cbaf59b4156","selected":false,"positionAbsolute":{"x":-360,"y":10},"dragging":false},{"width":249,"height":120,"type":"NumberPicker","data":{"label":"Roughness of Glass","number":0,"slider":0,"float0":0.54,"isExposed":true,"isGroupedForExpose":true,"groupName":"glass"},"position":{"x":-360,"y":150},"id":"_ad2cdaddf00dc4fcda901d6f14ef3e3a","selected":false,"positionAbsolute":{"x":-360,"y":150},"dragging":false},{"width":249,"height":120,"type":"NumberPicker","data":{"label":"metalness","number":0,"slider":0,"isExposed":false,"float0":0.02,"isGroupedForExpose":false,"groupName":""},"position":{"x":-360,"y":430},"id":"_0708fe14feb877b796bcff93844f33a0","selected":false,"positionAbsolute":{"x":-360,"y":430},"dragging":false},{"width":249,"height":194,"type":"PhysicalMaterial","data":{"label":"GlassMaterial","color":"#a0a0a0","isExposed":false,"isGroupedForExpose":false,"groupName":"","isExported":true,"isGroupedForExported":false},"position":{"x":210,"y":0},"id":"_3f5c1164b9479eb2cc71a56334a58284","selected":false,"positionAbsolute":{"x":210,"y":0},"dragging":false},{"width":249,"height":120,"type":"NumberPicker","data":{"label":"Refraction Index","number":0,"slider":1.46,"isExposed":true,"isGroupedForExpose":true,"float0":2.56,"groupName":"glass"},"position":{"x":-360,"y":-130},"id":"_092dc43c73c1d7906e93f17ae7254e32","selected":false,"positionAbsolute":{"x":-360,"y":-130},"dragging":false},{"width":1155,"height":922,"id":"_eb53785a536e2ed117d21466fe3920fd","type":"ExportGroup","data":{"label":"Group","width":1155.08984375,"height":922.4921875},"position":{"x":-580,"y":-300},"style":{"zIndex":-1},"selected":true,"positionAbsolute":{"x":-580,"y":-300},"dragging":false}],"edges":[{"source":"_0708fe14feb877b796bcff93844f33a0","sourceHandle":"number","target":"_3f5c1164b9479eb2cc71a56334a58284","targetHandle":"metalness","type":"CloseEdge","id":"reactflow__edge-_0708fe14feb877b796bcff93844f33a0number-_3f5c1164b9479eb2cc71a56334a58284metalness","animated":false,"style":{"stroke":""},"selected":false},{"source":"_ae0e89227dede443f9e2e05ac21db90c","sourceHandle":"color","target":"_3f5c1164b9479eb2cc71a56334a58284","targetHandle":"color","type":"CloseEdge","id":"reactflow__edge-_ae0e89227dede443f9e2e05ac21db90ccolor-_3f5c1164b9479eb2cc71a56334a58284color","animated":false,"style":{"stroke":""},"selected":false},{"source":"_092dc43c73c1d7906e93f17ae7254e32","sourceHandle":"number","target":"_3f5c1164b9479eb2cc71a56334a58284","targetHandle":"ior","type":"CloseEdge","id":"reactflow__edge-_092dc43c73c1d7906e93f17ae7254e32number-_3f5c1164b9479eb2cc71a56334a58284ior","animated":false,"style":{"stroke":""},"selected":false},{"id":"_6e4f149033a0e25bf10cc5a447f8651d","source":"_158c80b437120b6f815b740fdbe6c82e","sourceHandle":"number","target":"_3f5c1164b9479eb2cc71a56334a58284","targetHandle":"transmission","type":"CloseEdge","animated":false,"style":{"stroke":""},"selected":false},{"id":"_9bdc46591c6cf0e2e4f10a4f42f75ad6","source":"_a7a4a4ad8ef00e8f3ed49cbaf59b4156","sourceHandle":"number","target":"_3f5c1164b9479eb2cc71a56334a58284","targetHandle":"thickness","type":"CloseEdge","animated":false,"style":{"stroke":""},"selected":false},{"id":"_462d7d19942cd8df3ab8035411501cad","source":"_ad2cdaddf00dc4fcda901d6f14ef3e3a","sourceHandle":"number","target":"_3f5c1164b9479eb2cc71a56334a58284","targetHandle":"roughness","type":"CloseEdge","animated":false,"style":{"stroke":""},"selected":false},{"source":"_3f5c1164b9479eb2cc71a56334a58284","sourceHandle":"material","target":"_1177baf99b7ddc2c2e15cc9e23ab5822","targetHandle":"material","type":"CloseEdge","id":"reactflow__edge-_3f5c1164b9479eb2cc71a56334a58284material-_1177baf99b7ddc2c2e15cc9e23ab5822material","animated":false,"style":{"stroke":""}}]},"position":{"x":0,"y":0},"id":"_c671aacafe830ec4a4e5ed37e2d269e1","positionAbsolute":{"x":0,"y":0}},{"width":193,"height":42,"type":"Mesh","data":{"label":"mesh-draw-item","color":"#a0a0a0"},"position":{"x":220,"y":410},"id":"_1d483764e7625ada000a1b810ec4689a","selected":false,"positionAbsolute":{"x":220,"y":410},"dragging":false},{"width":193,"height":42,"type":"TorusKnotBufferGeometry","data":{"label":"flower torus knot","color":"#a0a0a0"},"position":{"x":10,"y":270},"id":"_04cff1c13b1d71e916840822ddfec760","selected":false,"positionAbsolute":{"x":10,"y":270},"dragging":false},{"width":249,"height":120,"type":"NumberPicker","data":{"label":"roughness","float0":0.62},"position":{"x":-490,"y":50},"id":"_f2d60319936b74e72a26531e299fbe55","selected":false,"positionAbsolute":{"x":-490,"y":50},"dragging":false},{"width":249,"height":120,"type":"NumberPicker","data":{"label":"thicknes","float0":7.25},"position":{"x":-590,"y":-90},"id":"_91674235740e36464ffa1ba370ef9fce","selected":false,"positionAbsolute":{"x":-590,"y":-90},"dragging":false},{"width":249,"height":120,"type":"NumberPicker","data":{"label":"refraction","float0":2.29},"position":{"x":-520,"y":220},"id":"_303c4cbbed25b4a46d62dbed1904de2c","selected":false,"positionAbsolute":{"x":-520,"y":220},"dragging":false},{"width":345,"height":42,"type":"ColorPicker","data":{"label":"color","color":"#3dffec"},"position":{"x":-500,"y":-200},"id":"_ce7d7f9b4a4be514a1e94e2436613da7","selected":false,"positionAbsolute":{"x":-500,"y":-200},"dragging":false},{"width":1232,"height":902,"id":"_86018d7d0d6de9dd9308eeb6d7a409b5","type":"ExportGroup","data":{"label":"Group","width":1232.27734375,"height":901.8984375},"position":{"x":-720,"y":-320},"style":{"zIndex":-1},"selected":true,"positionAbsolute":{"x":-720,"y":-320},"dragging":false}]}