{
  "edges": [
    {
      "source": "_0708fe14feb877b796bcff93844f33a0",
      "sourceHandle": "number",
      "target": "_3f5c1164b9479eb2cc71a56334a58284",
      "targetHandle": "metalness",
      "type": "CloseEdge",
      "id": "reactflow__edge-_0708fe14feb877b796bcff93844f33a0number-_3f5c1164b9479eb2cc71a56334a58284metalness",
      "animated": false,
      "style": {
        "stroke": ""
      },
      "selected": false
    },
    {
      "source": "_ae0e89227dede443f9e2e05ac21db90c",
      "sourceHandle": "color",
      "target": "_3f5c1164b9479eb2cc71a56334a58284",
      "targetHandle": "color",
      "type": "CloseEdge",
      "id": "reactflow__edge-_ae0e89227dede443f9e2e05ac21db90ccolor-_3f5c1164b9479eb2cc71a56334a58284color",
      "animated": false,
      "style": {
        "stroke": ""
      },
      "selected": false
    },
    {
      "source": "_092dc43c73c1d7906e93f17ae7254e32",
      "sourceHandle": "number",
      "target": "_3f5c1164b9479eb2cc71a56334a58284",
      "targetHandle": "ior",
      "type": "CloseEdge",
      "id": "reactflow__edge-_092dc43c73c1d7906e93f17ae7254e32number-_3f5c1164b9479eb2cc71a56334a58284ior",
      "animated": false,
      "style": {
        "stroke": ""
      },
      "selected": false
    },
    {
      "id": "_6e4f149033a0e25bf10cc5a447f8651d",
      "source": "_158c80b437120b6f815b740fdbe6c82e",
      "sourceHandle": "number",
      "target": "_3f5c1164b9479eb2cc71a56334a58284",
      "targetHandle": "transmission",
      "type": "CloseEdge",
      "animated": false,
      "style": {
        "stroke": ""
      },
      "selected": false
    },
    {
      "id": "_9bdc46591c6cf0e2e4f10a4f42f75ad6",
      "source": "_a7a4a4ad8ef00e8f3ed49cbaf59b4156",
      "sourceHandle": "number",
      "target": "_3f5c1164b9479eb2cc71a56334a58284",
      "targetHandle": "thickness",
      "type": "CloseEdge",
      "animated": false,
      "style": {
        "stroke": ""
      },
      "selected": false
    },
    {
      "id": "_462d7d19942cd8df3ab8035411501cad",
      "source": "_ad2cdaddf00dc4fcda901d6f14ef3e3a",
      "sourceHandle": "number",
      "target": "_3f5c1164b9479eb2cc71a56334a58284",
      "targetHandle": "roughness",
      "type": "CloseEdge",
      "animated": false,
      "style": {
        "stroke": ""
      },
      "selected": false
    },
    {
      "id": "_726d53a5e6db8a3c84df8d23dfaa54f2",
      "source": "_eecc5ce2134beba2111504b765221b2b",
      "sourceHandle": "geometry",
      "targetHandle": "geometry",
      "target": "_1177baf99b7ddc2c2e15cc9e23ab5822",
      "type": "CloseEdge",
      "animated": false,
      "style": {
        "stroke": ""
      }
    },
    {
      "source": "_3f5c1164b9479eb2cc71a56334a58284",
      "sourceHandle": "material",
      "target": "_1177baf99b7ddc2c2e15cc9e23ab5822",
      "targetHandle": "material",
      "type": "CloseEdge",
      "id": "reactflow__edge-_3f5c1164b9479eb2cc71a56334a58284material-_1177baf99b7ddc2c2e15cc9e23ab5822material",
      "animated": false,
      "style": {
        "stroke": ""
      }
    }
  ],
  "nodes": [
    {
      "width": 345,
      "height": 42,
      "type": "ColorPicker",
      "data": {
        "label": "colorPicker1",
        "color": "#ff0000",
        "isExposed": true,
        "isGroupedForExpose": true,
        "groupName": "color"
      },
      "position": {
        "x": -460,
        "y": -190
      },
      "id": "_ae0e89227dede443f9e2e05ac21db90c",
      "selected": false,
      "positionAbsolute": {
        "x": -460,
        "y": -190
      },
      "dragging": false
    },
    {
      "width": 249,
      "height": 120,
      "type": "NumberPicker",
      "data": {
        "label": "transmission",
        "number": 0,
        "slider": 1,
        "isExposed": false,
        "isGroupedForExpose": true,
        "groupName": "glass",
        "float0": 1
      },
      "position": {
        "x": -360,
        "y": 290
      },
      "id": "_158c80b437120b6f815b740fdbe6c82e",
      "selected": false,
      "positionAbsolute": {
        "x": -360,
        "y": 290
      },
      "dragging": false
    },
    {
      "width": 249,
      "height": 120,
      "type": "NumberPicker",
      "data": {
        "label": "Thickness of Glass",
        "number": 0,
        "slider": 2.14,
        "isExposed": true,
        "isGroupedForExpose": true,
        "float0": 7.65,
        "groupName": "glass"
      },
      "position": {
        "x": -360,
        "y": 10
      },
      "id": "_a7a4a4ad8ef00e8f3ed49cbaf59b4156",
      "selected": false,
      "positionAbsolute": {
        "x": -360,
        "y": 10
      },
      "dragging": false
    },
    {
      "width": 249,
      "height": 120,
      "type": "NumberPicker",
      "data": {
        "label": "Roughness of Glass",
        "number": 0,
        "slider": 0,
        "float0": 0.54,
        "isExposed": true,
        "isGroupedForExpose": true,
        "groupName": "glass"
      },
      "position": {
        "x": -360,
        "y": 150
      },
      "id": "_ad2cdaddf00dc4fcda901d6f14ef3e3a",
      "selected": false,
      "positionAbsolute": {
        "x": -360,
        "y": 150
      },
      "dragging": false
    },
    {
      "width": 249,
      "height": 120,
      "type": "NumberPicker",
      "data": {
        "label": "metalness",
        "number": 0,
        "slider": 0,
        "isExposed": false,
        "float0": 0.02,
        "isGroupedForExpose": false,
        "groupName": ""
      },
      "position": {
        "x": -360,
        "y": 430
      },
      "id": "_0708fe14feb877b796bcff93844f33a0",
      "selected": false,
      "positionAbsolute": {
        "x": -360,
        "y": 430
      },
      "dragging": false
    },
    {
      "width": 249,
      "height": 194,
      "type": "PhysicalMaterial",
      "data": {
        "label": "GlassMaterial",
        "color": "#a0a0a0",
        "isExposed": false,
        "isGroupedForExpose": false,
        "groupName": "",
        "isExported": true,
        "isGroupedForExported": false
      },
      "position": {
        "x": 210,
        "y": 0
      },
      "id": "_3f5c1164b9479eb2cc71a56334a58284",
      "selected": false,
      "positionAbsolute": {
        "x": 210,
        "y": 0
      },
      "dragging": false
    },
    {
      "width": 249,
      "height": 120,
      "type": "NumberPicker",
      "data": {
        "label": "Refraction Index",
        "number": 0,
        "slider": 1.46,
        "isExposed": true,
        "isGroupedForExpose": true,
        "float0": 2.56,
        "groupName": "glass"
      },
      "position": {
        "x": -360,
        "y": -130
      },
      "id": "_092dc43c73c1d7906e93f17ae7254e32",
      "selected": false,
      "positionAbsolute": {
        "x": -360,
        "y": -130
      },
      "dragging": false
    },
    {
      "width": 193,
      "height": 42,
      "type": "Mesh",
      "data": {
        "label": "meshItem1",
        "color": "#a0a0a0"
      },
      "position": {
        "x": 130,
        "y": 580
      },
      "id": "_1177baf99b7ddc2c2e15cc9e23ab5822",
      "selected": false,
      "positionAbsolute": {
        "x": 130,
        "y": 580
      },
      "dragging": false
    },
    {
      "width": 193,
      "height": 42,
      "type": "TorusKnotBufferGeometry",
      "data": {
        "label": "torusKnotGeometry1",
        "color": "#a0a0a0"
      },
      "position": {
        "x": 0,
        "y": 450
      },
      "id": "_eecc5ce2134beba2111504b765221b2b",
      "selected": false,
      "positionAbsolute": {
        "x": 0,
        "y": 450
      },
      "dragging": false
    },
    {
      "width": 1126,
      "height": 1055,
      "id": "_eb53785a536e2ed117d21466fe3920fd",
      "type": "ExportGroup",
      "data": {
        "label": "Group",
        "width": 1126.25,
        "height": 1055.27734375
      },
      "position": {
        "x": -560,
        "y": -310
      },
      "style": {
        "zIndex": -1
      },
      "selected": true,
      "positionAbsolute": {
        "x": -560,
        "y": -310
      },
      "dragging": false
    }
  ]
}